epoch,train_loss,val_dice_at_model_resolution,lr,seconds
1,1.4678167247772216,0.4527433475304854,0.003,28.929890162999982
2,1.3966255760192872,0.45670648612125936,0.0029955301339130358,27.11583154899995
3,1.4066675043106078,0.4423979368854891,0.00298214809386295,26.708891533999804
4,1.394746425151825,0.459037768393755,0.002959936384576631,27.872973311999885
5,1.377333710193634,0.45834958395136666,0.002929031948627973,26.457011792999992
6,1.3559020566940307,0.4662373516743537,0.002889625322141366,27.28602838200004
7,1.3633224391937255,0.46174830773393005,0.0028419594600731335,28.596092979000105
8,1.3551380658149719,0.4823515679692114,0.002786328238313434,29.45025508599997
9,1.3379741287231446,0.47825571544468404,0.002723074641843674,27.443256270999882
10,1.2970905590057373,0.491984820705993,0.002652588650120045,27.312015108000196
11,1.3175222563743592,0.4884615381764041,0.0025753048327204937,29.916543963000095
12,1.2914322376251222,0.5047105825309806,0.0024916996700787663,28.607815309999978
13,1.305850625038147,0.5045610865950585,0.002402288615824086,28.879551630999913
14,1.2668796873092651,0.5137369155142012,0.0023076229188381254,27.946522762999848
15,1.2886166882514953,0.5210999497771263,0.0022082862246223423,28.741943595999828
16,1.2611755013465882,0.5077163643561905,0.0021048909769293797,30.63726736500007
17,1.2357544660568238,0.5271228566024254,0.0019980746418436736,26.989214247000064
18,1.2175261878967285,0.5333953360840679,0.0018884957775910627,27.271747043999767
19,1.2095637142658233,0.5240489026904106,0.0017768299743083345,34.09555826499991
20,1.196126321554184,0.5285460736696944,0.001663765688805375,30.02390913399995
21,1.1751643109321595,0.543655988893006,0.0015499999999999997,28.879773341000146
22,1.164950828552246,0.5431782087869942,0.0014362343111946247,29.711946499000078
23,1.1506506216526031,0.5482096204910397,0.0013231700256916654,30.389675214999897
24,1.163194909095764,0.5580455077625811,0.0012115042224089372,28.9650374859998
25,1.1330754232406617,0.5580227542854845,0.0011019253581563261,32.155211451000014
26,1.1123887181282044,0.5791942291708998,0.0009951090230706197,30.810543928999778
27,1.1044143080711364,0.5707402133198138,0.0008917137753776571,32.0792900600004
28,1.1219457280635834,0.5968323021568358,0.0007923770811618741,30.57758910299981
29,1.0829335725307465,0.5827997014974244,0.000697711384175914,27.60780539999996
30,1.0767810332775116,0.6117433139681816,0.0006083003299212338,30.8046349440001
31,1.0539954435825347,0.5703534914134071,0.000524695167279506,33.371715555000264
32,1.0175499725341797,0.6251126953214406,0.000447411349879955,28.849643098000342
33,1.0090375673770904,0.6158510620150264,0.0003769253581563262,31.734140890000162
34,1.0011226904392243,0.642259138468653,0.00031367176168656626,26.511834618000194
35,0.972900470495224,0.6463396058231592,0.0002580405399268667,27.305011339999965
36,1.023299869298935,0.6324090421944857,0.00021037467785863423,27.79348410700004
37,0.9814883244037628,0.6460900788754225,0.00017096805137202737,32.481088808000095
38,0.948636507987976,0.6442693670839071,0.00014006361542336898,34.886391969000215
39,0.9528329479694366,0.6663314268738031,0.0001178519061370504,36.238033392000034
40,0.9342291355133057,0.645555192604661,0.00010446986608696445,35.07838765099996
